,Company,Revenue Growth (%),Net Income Growth (%),Assets Growth (%),Liabilities Growth (%),Cash Flow from Operations Growth(%)
0,0,0.0,0.0,0.0,0.0,0.0
1,Apple,1.664442357954891,0.8657716488695769,0.1502227666520343,0.35558607075341087,2.6356642050201273
2,Microsoft,8.279366728442199,6.065639152203058,7.408498024195816,2.3840829812587025,4.796562996134912
3,Tesla,23.382306381278074,-101.35052709728994,20.670474739918735,12.438190643784056,6.032691628700197
